Rank,City,State,usps,pop2020,pop2010,change,density,aland,latitude,longitude
1,New York,New York,NY,8323340,8190360,0.0162,10699,778,40.6635,73.9387
2,Los Angeles,California,CA,4015940,3795370,0.0581,3306,1215,34.0194,118.4108
3,Chicago,Illinois,IL,2694240,2697530,-0.0012,4575,589,41.8376,87.6818
4,Houston,Texas,TX,2340890,2098450,0.1155,1412,1658,29.7866,95.3909
5,Phoenix,Arizona,AZ,1703080,1449300,0.1751,1270,1341,33.5722,112.0901
6,Philadelphia,Pennsylvania,PA,1591800,1528290,0.0416,4577,348,40.0094,75.1333
7,San Antonio,Texas,TX,1578030,1332880,0.1839,1256,1256,29.4724,98.5251
8,San Diego,California,CA,1447100,1305970,0.1081,1715,844,32.8153,117.135
9,Dallas,Texas,TX,1382270,1200370,0.1515,1571,880,32.7933,96.7665
10,San Jose,California,CA,1033670,954492,0.083,2245,461,37.2967,121.8189
11,Austin,Texas,TX,988218,806423,0.2254,1193,829,30.3039,97.7544
12,Fort Worth,Texas,TX,932116,748481,0.2453,1041,895,32.7815,97.3467
13,Jacksonville,Florida,FL,926371,823123,0.1254,479,1936,30.3369,81.6616
14,Columbus,Ohio,OH,922223,790935,0.166,1624,568,39.9852,82.9848
15,Charlotte,North Carolina,NC,905318,738534,0.2258,1138,796,35.2078,80.831
16,San Francisco,California,CA,896047,805550,0.1123,7376,121,37.7272,123.0322
17,Indianapolis,Indiana,IN,875929,821555,0.0662,935,936,39.7767,86.1459
18,Seattle,Washington,WA,783137,610639,0.2825,3606,217,47.6205,122.3509
19,Denver,Colorado,CO,734134,603354,0.2168,1849,397,39.7619,104.8811
20,Washington,District of Columbia,DC,720687,605085,0.1911,4552,158,38.9041,77.0172
21,Boston,Massachusetts,MA,710195,621074,0.1435,5673,125,42.332,71.0202
22,El Paso,Texas,TX,685575,650708,0.0536,1028,667,31.8484,106.427
23,Nashville,Tennessee,TN,673167,604587,0.1134,547,1232,36.1718,86.785
24,Detroit,Michigan,MI,667272,711120,-0.0617,1857,359,42.383,83.1022
25,Portland,Oregon,OR,664103,585436,0.1344,1922,346,45.537,122.65
26,Las Vegas,Nevada,NV,662000,584606,0.1324,1803,367,36.2292,115.2601
27,Oklahoma City,Oklahoma,OK,655407,582285,0.1256,417,1571,35.4671,97.5137
28,Memphis,Tennessee,TN,647374,652309,-0.0076,788,822,35.1028,89.9774
29,Louisville,Kentucky,KY,624890,596155,0.0482,916,682,38.1654,85.6474
30,Baltimore,Maryland,MD,590479,621005,-0.0492,2816,210,39.3,76.6105
31,Milwaukee,Wisconsin,WI,585589,594881,-0.0156,2351,249,43.0633,87.9667
32,Albuquerque,New Mexico,NM,561188,546806,0.0263,1157,485,35.1056,106.6474
33,Tucson,Arizona,AZ,553871,527167,0.0507,898,616,32.1531,110.8706
34,Fresno,California,CA,538195,497721,0.0813,1811,297,36.7836,119.7934
35,Mesa,Arizona,AZ,527666,440995,0.1965,1475,358,33.4019,111.7174
36,Atlanta,Georgia,GA,523738,429193,0.2203,1490,352,33.7629,84.4227
37,Sacramento,California,CA,521769,467302,0.1166,2061,253,38.5666,121.4686
38,Kansas City,Missouri,MO,505198,460737,0.0965,619,816,39.1251,94.551
39,Miami,Florida,FL,486388,400841,0.2134,5217,93,25.7752,80.2086
40,Colorado Springs,Colorado,CO,485946,420544,0.1555,962,505,38.8673,104.7607
41,Raleigh,North Carolina,NC,481958,406355,0.1861,1276,378,35.8306,78.6418
42,Omaha,Nebraska,NE,470702,450887,0.0439,1289,365,41.2644,96.0451
43,Long Beach,California,CA,463218,462440,0.0017,3528,131,33.8092,118.1553
44,Virginia Beach,Virginia,VA,447841,438855,0.0205,707,634,36.78,76.0252
45,Minneapolis,Minnesota,MN,437069,383067,0.141,3125,140,44.9633,93.2683
46,Oakland,California,CA,435224,391449,0.1118,3006,145,37.7698,122.2257
47,Tampa,Florida,FL,413704,337062,0.2274,1401,295,27.9701,82.4797
48,Arlington,Texas,TX,402762,366136,0.1,1624,248,32.7007,97.1247
49,Tulsa,Oklahoma,OK,396543,392421,0.0105,775,511,36.1279,95.9023
50,Bakersfield,California,CA,390233,349408,0.1168,1006,388,35.3212,119.0183
51,New Orleans,Louisiana,LA,390128,347770,0.1218,889,439,30.0534,89.9345
52,Wichita,Kansas,KS,388771,382726,0.0158,929,419,37.6907,97.3459
53,Aurora,Colorado,CO,382742,326073,0.1738,958,400,39.688,104.6897
54,Cleveland,Ohio,OH,379233,395890,-0.0421,1885,201,41.4785,81.6794
55,Anaheim,California,CA,352911,337106,0.0469,2708,130,33.8555,117.7601
56,Honolulu,Hawaii,HI,342933,339143,0.0112,2187,157,21.3243,157.8476
57,Riverside,California,CA,336285,305568,0.1005,1598,210,33.9381,117.3932
58,San Juan,Puerto Rico,PR,331165,381931,-0.1329,3234,102,18.4064,66.064
59,Santa Ana,California,CA,330389,325340,0.0155,4662,71,33.7363,117.883
60,Henderson,Nevada,NV,330084,257532,0.2817,1201,275,36.0097,115.0357
61,Lexington,Kentucky,KY,328690,296847,0.1073,447,735,38.0407,84.4583
62,Corpus Christi,Texas,TX,325406,305281,0.0659,787,414,27.7543,97.1734
63,Stockton,California,CA,316996,292446,0.0839,1969,161,37.9763,121.3133
64,St. Paul,Minnesota,MN,311895,285465,0.0926,2317,135,44.9489,93.1041
65,Cincinnati,Ohio,OH,306487,296837,0.0325,1520,202,39.1402,84.5058
66,Irvine,California,CA,303956,213392,0.4244,1788,170,33.6784,117.7713
67,Greensboro,North Carolina,NC,299946,269587,0.1126,897,334,36.0951,79.827
68,Pittsburgh,Pennsylvania,PA,294860,305410,-0.0345,2056,143,40.4398,79.9766
69,Lincoln,Nebraska,NE,293905,259261,0.1336,1179,249,40.8105,96.6803
70,St. Louis,Missouri,MO,293792,319318,-0.0799,1837,160,38.6357,90.2446
71,Orlando,Florida,FL,291739,239308,0.2191,1019,286,28.4166,81.2736
72,Plano,Texas,TX,288539,261222,0.1046,1554,186,33.0508,96.7479
73,Anchorage,Alaska,AK,285634,293310,-0.0262,65,4421,61.1743,149.2843
74,Newark,New Jersey,NJ,282862,277158,0.0206,4524,63,40.7242,74.1726
75,Durham,North Carolina,NC,282737,230710,0.2255,973,291,35.9811,78.9029
76,Chula Vista,California,CA,277289,244656,0.1334,2157,129,32.6277,117.0152
77,St. Petersburg,Florida,FL,271842,245226,0.1085,1697,160,27.762,82.6441
78,Jersey City,New Jersey,NJ,271099,248363,0.0915,7100,38,40.7114,74.0648
79,Fort Wayne,Indiana,IN,270989,254162,0.0662,946,287,41.0882,85.1439
80,Toledo,Ohio,OH,270651,287030,-0.0571,1298,208,41.6641,83.5819
81,Chandler,Arizona,AZ,268675,236479,0.1361,1593,169,33.2829,111.8549
82,Laredo,Texas,TX,264703,236859,0.1176,967,274,27.5604,99.4892
83,Madison,Wisconsin,WI,264030,233716,0.1297,1285,205,43.0878,89.4299
84,Scottsdale,Arizona,AZ,262222,217615,0.205,550,477,33.6843,111.8611
85,Lubbock,Texas,TX,260823,230796,0.1301,747,349,33.5656,101.8867
86,Reno,Nevada,NV,260258,225750,0.1529,924,282,39.5491,119.8499
87,Gilbert,Arizona,AZ,258935,209435,0.2364,1460,177,33.3103,111.7431
88,Buffalo,New York,NY,255244,261301,-0.0232,2441,105,42.8925,78.8597
89,Glendale,Arizona,AZ,254500,226168,0.1253,1595,160,33.5331,112.1899
90,North Las Vegas,Nevada,NV,253923,216843,0.171,1000,254,36.2857,115.0939
91,Winston-Salem,North Carolina,NC,251762,230033,0.0945,733,343,36.1027,80.261
92,Chesapeake,Virginia,VA,248106,223550,0.1098,283,877,36.6794,76.3018
93,Garland,Texas,TX,246627,227355,0.0848,1669,148,32.9098,96.6303
94,Irving,Texas,TX,243738,216867,0.1239,1403,174,32.8577,96.97
95,Hialeah,Florida,FL,243208,225460,0.0787,4351,56,25.8699,80.3029
96,Norfolk,Virginia,VA,242234,242998,-0.0031,1756,138,36.923,76.2446
97,Fremont,California,CA,239525,214561,0.1163,1194,201,37.4945,121.9412
98,Boise,Idaho,ID,234576,209578,0.1193,1082,217,43.6002,116.2317
99,Paradise,Nevada,NV,233689,223167,0.0471,1931,121,39.5544,119.7356
100,Richmond,Virginia,VA,232055,204256,0.1361,1495,155,37.5314,77.476